<?xml version="1.0" encoding="UTF-8"?>
<project-private xmlns="http://www.netbeans.org/ns/project-private/1">
    <editor-bookmarks xmlns="http://www.netbeans.org/ns/editor-bookmarks/2" lastBookmarkId="0"/>
    <open-files xmlns="http://www.netbeans.org/ns/projectui-open-files/2">
        <group>
            <file>file:/C:/Users/adrian.miquilena/Documents/NetBeansProjects/TesteA3/src/View/CadastrarFerramenta.java</file>
            <file>file:/C:/Users/adrian.miquilena/Documents/NetBeansProjects/TesteA3/src/Images/FundoTelas.jpeg</file>
            <file>file:/C:/Users/adrian.miquilena/Documents/NetBeansProjects/TesteA3/src/View/TelaInicial.java</file>
            <file>file:/C:/Users/adrian.miquilena/Documents/NetBeansProjects/TesteA3/src/View/GerenciaEmprestimo.java</file>
            <file>file:/C:/Users/adrian.miquilena/Documents/NetBeansProjects/TesteA3/src/View/CadastrarAmigo.java</file>
            <file>file:/C:/Users/adrian.miquilena/Documents/NetBeansProjects/TesteA3/src/DAO/AmigoDAO.java</file>
            <file>file:/C:/Users/adrian.miquilena/Documents/NetBeansProjects/TesteA3/src/View/GerenciaFerramenta.java</file>
            <file>file:/C:/Users/adrian.miquilena/Documents/NetBeansProjects/TesteA3/src/Images/degradefundo1.jpg</file>
            <file>file:/C:/Users/adrian.miquilena/Documents/NetBeansProjects/TesteA3/src/View/Mensagens1.java</file>
            <file>file:/C:/Users/adrian.miquilena/Documents/NetBeansProjects/TesteA3/src/View/GerenciaAmigo.java</file>
            <file>file:/C:/Users/adrian.miquilena/Documents/NetBeansProjects/TesteA3/src/Model/Emprestimo.java</file>
            <file>file:/C:/Users/adrian.miquilena/Documents/NetBeansProjects/TesteA3/src/DAO/EmprestimoDAO.java</file>
            <file>file:/C:/Users/adrian.miquilena/Documents/NetBeansProjects/TesteA3/src/DAO/FerramentaDAO.java</file>
            <file>file:/C:/Users/adrian.miquilena/Documents/NetBeansProjects/TesteA3/src/Principal/MainClass.java</file>
            <file>file:/C:/Users/adrian.miquilena/Documents/NetBeansProjects/TesteA3/src/View/RealizarEmprestimo.java</file>
            <file>file:/C:/Users/adrian.miquilena/Documents/NetBeansProjects/TesteA3/src/Images/tool.jpeg</file>
        </group>
    </open-files>
</project-private>
